variable,var,bin,count,count_distr,good,bad,badprob,woe,bin_iv,total_iv,Prop_iv,Max_IV_test,IV_test,breaks,is_special_values,counter,num_bin,Trend,Trend_Business,Gini_train,Gini_oot,Relative_diff,keep
RATIO_OF_CUSTOMERS_ADDED_L1_L3_MNTH,RATIO_OF_CUSTOMERS_ADDED_L1_L3_MNTH_woe,-99999.0,1946,0.3850415512465374,1569,377,0.19373072970195274,-0.026244517255213456,0.00026310549341055354,0.015938787768620653,0.01650724617392423,0,0,-99999.0,True,1,3,Decreasing,Decreasing,0.038825851011346835,0.058481848184818386,0.5065978652956585,1
RATIO_OF_CUSTOMERS_ADDED_L1_L3_MNTH,RATIO_OF_CUSTOMERS_ADDED_L1_L3_MNTH_woe,"[-inf,0.14)",929,0.18381480015829046,706,223,0.24004305705059203,0.24726058199668505,0.012078929496740875,0.015938787768620653,0.7578323817399187,0,0,0.14,False,2,3,Decreasing,Decreasing,0.038825851011346835,0.058481848184818386,0.5065978652956585,1
RATIO_OF_CUSTOMERS_ADDED_L1_L3_MNTH,RATIO_OF_CUSTOMERS_ADDED_L1_L3_MNTH_woe,"[0.14,inf)",2179,0.4311436485951721,1779,400,0.18357044515832951,-0.09263809252804482,0.0035967527784692256,0.015938787768620653,0.22566037208615708,0,0,inf,False,3,3,Decreasing,Decreasing,0.038825851011346835,0.058481848184818386,0.5065978652956585,1
PRICE,PRICE_woe,-99999.0,861,0.1703601108033241,683,178,0.2067363530778165,0.0549927387511032,0.000523773958721656,0.016302801492795914,0.03212784986390884,0,0,-99999.0,True,1,3,Decreasing,Decreasing,0.04720917612234832,0.03453245324532461,0.2685746372250785,1
PRICE,PRICE_woe,"[-inf,25.0)",3289,0.6507716660071231,2608,681,0.20705381574946793,0.05692743113277727,0.0021452963403746743,0.016302801492795914,0.13159065583437698,0,0,25.0,False,2,3,Decreasing,Decreasing,0.04720917612234832,0.03453245324532461,0.2685746372250785,1
PRICE,PRICE_woe,"[25.0,inf)",904,0.17886822318955284,763,141,0.15597345132743362,-0.2887940928764805,0.013633731193699586,0.016302801492795914,0.8362814943017143,0,0,inf,False,3,3,Decreasing,Decreasing,0.04720917612234832,0.03453245324532461,0.2685746372250785,1
